ChannelName,Subscribers,VideosCount,ViewsCount
Franco Escamilla,9130000,1694,2602123973
TheGrefg,17100000,3131,5596743190
Luisito Comunica,37200000,1020,6708404445
Ubaman,387000,999,117854521
Coreano Vlogs,4760000,640,616793829
Auron,11900000,429,1693113231
Franco Escamilla,9130000,1694,2602123973
TheGrefg,17100000,3131,5596743190
Luisito Comunica,37200000,1020,6708404445
Ubaman,387000,999,117854521
Coreano Vlogs,4760000,640,616793829
Auron,11900000,429,1693113231
TheGrefg,17100000,3131,5596743190
Luisito Comunica,37200000,1020,6708404445
Ubaman,387000,1000,117854521
Coreano Vlogs,4760000,640,616793829
Auron,11900000,429,1693113231
TheGrefg,17100000,3131,5596743190
Luisito Comunica,37200000,1020,6708404445
Ubaman,387000,1000,117854521
Coreano Vlogs,4760000,640,616793829
Auron,11900000,429,1693113231
TheGrefg,17100000,3131,5596743190
Luisito Comunica,37200000,1020,6708404445
Ubaman,387000,1000,117854521
Coreano Vlogs,4760000,640,616793829
Auron,11900000,429,1693113231
TheGrefg,17100000,3131,5596743190
Luisito Comunica,37200000,1020,6708404445
Ubaman,387000,1000,117854521
Coreano Vlogs,4760000,640,616793829
Auron,11900000,429,1693113231
TheGrefg,17100000,3131,5596743190
Luisito Comunica,37200000,1020,6708404445
Ubaman,387000,1000,117854521
Coreano Vlogs,4760000,640,616793829
Auron,11900000,429,1693113231
TheGrefg,17100000,3131,5596743190
Luisito Comunica,37200000,1020,6708404445
Ubaman,387000,1000,117854521
Coreano Vlogs,4760000,640,616793829
Auron,11900000,429,1693113231
TheGrefg,17100000,3131,5596743190
Luisito Comunica,37200000,1020,6708404445
Ubaman,387000,1000,117854521
Coreano Vlogs,4760000,640,616793829
Auron,11900000,429,1693113231
TheGrefg,17100000,3131,5596743190
Luisito Comunica,37200000,1020,6708404445
Ubaman,387000,1000,117854521
Coreano Vlogs,4760000,640,616793829
Auron,11900000,429,1693113231
TheGrefg,17100000,3131,5596743190
Luisito Comunica,37200000,1020,6708404445
Ubaman,387000,1000,117854521
Coreano Vlogs,4760000,640,616793829
Auron,11900000,429,1693113231
TheGrefg,17100000,3131,5596743190
Luisito Comunica,37200000,1020,6708404445
Ubaman,387000,1000,117854521
Coreano Vlogs,4760000,640,616793829
Auron,11900000,429,1693113231
TheGrefg,17100000,3131,5596743190
Luisito Comunica,37200000,1020,6708404445
Ubaman,387000,1000,117854521
Coreano Vlogs,4760000,640,616793829
Auron,11900000,429,1693113231
TheGrefg,17100000,3131,5596743190
Luisito Comunica,37200000,1020,6708404445
Ubaman,387000,1000,117854521
Coreano Vlogs,4760000,640,616793829
Auron,11900000,429,1693113231
TheGrefg,17100000,3131,5596743190
Luisito Comunica,37200000,1020,6708404445
Ubaman,387000,1000,117854521
Coreano Vlogs,4760000,640,616793829
Auron,11900000,429,1693113231
TheGrefg,17100000,3131,5596743190
Luisito Comunica,37200000,1020,6708404445
Ubaman,387000,1000,117854521
Coreano Vlogs,4760000,640,616793829
Auron,11900000,429,1693113231
TheGrefg,17100000,3131,5596743190
Luisito Comunica,37200000,1020,6708404445
Ubaman,387000,1000,117854521
Coreano Vlogs,4760000,640,616793829
Auron,11900000,429,1693113231
TheGrefg,17100000,3131,5596743190
Luisito Comunica,37200000,1020,6708404445
TheGrefg,17100000,3131,5596743190
Luisito Comunica,37200000,1020,6708404445
Ubaman,387000,1000,117854521
Coreano Vlogs,4760000,640,616793829
Auron,11900000,429,1693113231
TheGrefg,17100000,3131,5596743190
Luisito Comunica,37200000,1020,6708404445
Ubaman,387000,1000,117854521
Coreano Vlogs,4760000,640,616793829
Auron,11900000,429,1693113231
TheGrefg,17100000,3131,5596743190
Luisito Comunica,37200000,1020,6708404445
Ubaman,387000,1000,117854521
Coreano Vlogs,4760000,640,616793829
Auron,11900000,429,1693113231
TheGrefg,17100000,3131,5596743190
Luisito Comunica,37200000,1020,6708404445
Ubaman,387000,1000,117854521
Coreano Vlogs,4760000,640,616793829
Auron,11900000,429,1693113231
TheGrefg,17100000,3131,5596743190
Luisito Comunica,37200000,1020,6708404445
Ubaman,387000,1000,117854521
Coreano Vlogs,4760000,640,616793829
Auron,11900000,429,1693113231
TheGrefg,17100000,3131,5599296312
Luisito Comunica,37200000,1021,6712462099
Ubaman,387000,1000,117964814
Coreano Vlogs,4760000,640,616793829
Auron,11900000,430,1696156553
TheGrefg,17100000,3131,5599296312
Luisito Comunica,37200000,1021,6712462099
Ubaman,387000,1000,117964814
Coreano Vlogs,4760000,640,616793829
Auron,11900000,430,1696156553
TheGrefg,17100000,3131,5599296312
Luisito Comunica,37200000,1021,6712462099
Ubaman,387000,1000,117964814
Coreano Vlogs,4760000,640,616793829
Auron,11900000,430,1696156553
TheGrefg,17100000,3131,5599296312
Luisito Comunica,37200000,1021,6712462099
Ubaman,387000,1000,117964814
Coreano Vlogs,4760000,640,617158436
Auron,11900000,430,1696156553
TheGrefg,17100000,3131,5599296312
Luisito Comunica,37200000,1021,6712462099
Ubaman,387000,1000,117964814
Coreano Vlogs,4760000,640,617158436
Auron,11900000,430,1696156553
TheGrefg,17100000,3131,5599296312
Luisito Comunica,37200000,1021,6712462099
Ubaman,387000,1000,117964814
Coreano Vlogs,4760000,640,617158436
Auron,11900000,430,1696156553
TheGrefg,17100000,3131,5599296312
Luisito Comunica,37200000,1021,6712462099
Ubaman,387000,1000,117964814
Coreano Vlogs,4760000,640,617158436
Auron,11900000,430,1696156553
TheGrefg,17100000,3131,5599296312
Luisito Comunica,37200000,1021,6712462099
Ubaman,387000,1000,117964814
Coreano Vlogs,4760000,640,617158436
Auron,11900000,430,1696156553
TheGrefg,17100000,3131,5599296312
Luisito Comunica,37200000,1021,6712462099
Ubaman,387000,1000,117964814
Coreano Vlogs,4760000,640,617158436
Auron,11900000,430,1696156553
TheGrefg,17100000,3131,5599296312
Luisito Comunica,37200000,1021,6712462099
Ubaman,387000,1000,117964814
Coreano Vlogs,4760000,640,617158436
Auron,11900000,430,1696156553
TheGrefg,17100000,3132,5599296312
Luisito Comunica,37200000,1021,6712462099
Ubaman,387000,1000,117964814
Coreano Vlogs,4760000,640,617158436
Auron,11900000,430,1696156553
TheGrefg,17100000,3132,5599296312
Luisito Comunica,37200000,1021,6712462099
Ubaman,387000,1000,117964814
Coreano Vlogs,4760000,640,617158436
Auron,11900000,430,1696156553
TheGrefg,17100000,3132,5599296312
Luisito Comunica,37200000,1021,6712462099
Ubaman,387000,1000,117964814
Coreano Vlogs,4760000,640,617158436
Auron,11900000,430,1696156553
TheGrefg,17100000,3132,5599296312
Luisito Comunica,37200000,1021,6712462099
Ubaman,387000,1000,117964814
Coreano Vlogs,4760000,640,617158436
Auron,11900000,430,1696156553
TheGrefg,17100000,3132,5599296312
Luisito Comunica,37200000,1021,6712462099
TheGrefg,17100000,3132,5599296312
TheGrefg,17100000,3132,5599296312
TheGrefg,17100000,3132,5599296312
Luisito Comunica,37200000,1021,6712462099
Ubaman,387000,1001,117964814
Coreano Vlogs,4760000,640,617158436
Auron,11900000,430,1696156553
TheGrefg,17100000,3132,5599296312
Luisito Comunica,37200000,1021,6712462099
Ubaman,387000,1001,117964814
Coreano Vlogs,4760000,640,617158436
Auron,11900000,430,1696156553
TheGrefg,17100000,3132,5599296312
Luisito Comunica,37200000,1021,6712462099
Ubaman,387000,1001,117964814
Coreano Vlogs,4760000,640,617158436
Auron,11900000,430,1696156553
TheGrefg,17100000,3132,5599296312
Luisito Comunica,37200000,1021,6712462099
Ubaman,387000,1001,117964814
Coreano Vlogs,4760000,640,617158436
Auron,11900000,430,1696156553
TheGrefg,17100000,3132,5599296312
Luisito Comunica,37200000,1021,6712462099
Ubaman,387000,1001,117964814
Coreano Vlogs,4760000,640,617158436
Auron,11900000,430,1696156553
TheGrefg,17100000,3132,5599296312
Luisito Comunica,37200000,1021,6712462099
Ubaman,387000,1001,117964814
Coreano Vlogs,4760000,640,617158436
Auron,11900000,430,1696156553
TheGrefg,17100000,3132,5599296312
Luisito Comunica,37200000,1021,6712462099
Ubaman,387000,1001,117964814
Coreano Vlogs,4760000,640,617158436
Auron,11900000,430,1696156553
TheGrefg,17100000,3132,5599296312
Luisito Comunica,37200000,1021,6712462099
Ubaman,387000,1001,117964814
Coreano Vlogs,4760000,640,617158436
Auron,11900000,430,1696156553
TheGrefg,17100000,3132,5599296312
Luisito Comunica,37200000,1021,6712462099
Ubaman,387000,1001,117964814
Coreano Vlogs,4760000,640,617158436
Auron,11900000,430,1696156553
TheGrefg,17100000,3132,5599296312
Luisito Comunica,37200000,1021,6712462099
Ubaman,387000,1001,117964814
Coreano Vlogs,4760000,640,617158436
Auron,11900000,430,1696156553
TheGrefg,17100000,3132,5599296312
Luisito Comunica,37200000,1021,6712462099
Ubaman,387000,1001,117964814
Coreano Vlogs,4760000,640,617158436
Auron,11900000,430,1696156553
TheGrefg,17100000,3132,5599296312
Luisito Comunica,37200000,1021,6712462099
Ubaman,387000,1001,117964814
Coreano Vlogs,4760000,640,617158436
Auron,11900000,430,1696156553
TheGrefg,17100000,3132,5599296312
Luisito Comunica,37200000,1021,6712462099
Ubaman,387000,1001,117964814
Coreano Vlogs,4760000,640,617470293
Auron,11900000,431,1696156553
TheGrefg,17100000,3132,5599296312
Luisito Comunica,37200000,1021,6712462099
Ubaman,387000,1001,117964814
Coreano Vlogs,4760000,640,617470293
Auron,11900000,431,1696156553
TheGrefg,17100000,3132,5599296312
Luisito Comunica,37200000,1021,6712462099
Ubaman,387000,1001,117964814
Coreano Vlogs,4760000,640,617470293
Auron,11900000,431,1696156553
TheGrefg,17100000,3132,5599296312
Luisito Comunica,37200000,1021,6712462099
Ubaman,387000,1001,117964814
Coreano Vlogs,4760000,640,617470293
Auron,11900000,431,1696156553
TheGrefg,17100000,3132,5599296312
Luisito Comunica,37200000,1021,6712462099
Ubaman,387000,1001,117964814
Coreano Vlogs,4760000,640,617470293
Auron,11900000,431,1696156553
TheGrefg,17100000,3132,5599296312
Luisito Comunica,37200000,1021,6717194823
Ubaman,387000,1001,117964814
Coreano Vlogs,4760000,640,617470293
Auron,11900000,431,1696156553
TheGrefg,17100000,3132,5599296312
Luisito Comunica,37200000,1021,6717194823
Ubaman,387000,1001,117964814
Coreano Vlogs,4760000,640,617470293
Auron,11900000,431,1696156553
TheGrefg,17100000,3132,5599296312
Luisito Comunica,37200000,1021,6717194823
Ubaman,387000,1001,117964814
TheGrefg,17100000,3132,5601459196
Luisito Comunica,37200000,1021,6717194823
Ubaman,387000,1002,118098606
Coreano Vlogs,4760000,641,617470293
Auron,11900000,431,1699078164
TheGrefg,17100000,3132,5601459196
Luisito Comunica,37200000,1021,6717194823
Ubaman,387000,1002,118098606
Coreano Vlogs,4760000,641,617470293
Auron,11900000,431,1699078164
TheGrefg,17100000,3132,5601459196
Luisito Comunica,37200000,1021,6717194823
Ubaman,387000,1002,118098606
Coreano Vlogs,4760000,641,617470293
Auron,11900000,431,1699078164
TheGrefg,17100000,3132,5601459196
Luisito Comunica,37200000,1021,6717194823
Ubaman,387000,1002,118098606
Coreano Vlogs,4760000,641,617470293
Auron,11900000,431,1699078164
TheGrefg,17100000,3132,5601459196
Luisito Comunica,37200000,1021,6717194823
Ubaman,387000,1002,118098606
Coreano Vlogs,4760000,641,617470293
Auron,11900000,431,1699078164
TheGrefg,17100000,3132,5601459196
Luisito Comunica,37200000,1021,6717194823
Ubaman,387000,1002,118098606
Coreano Vlogs,4760000,641,617470293
Auron,11900000,431,1699078164
TheGrefg,17100000,3132,5601459196
Luisito Comunica,37200000,1021,6717194823
Ubaman,387000,1002,118098606
Coreano Vlogs,4760000,641,617470293
Auron,11900000,431,1699078164
TheGrefg,17100000,3133,5601459196
Luisito Comunica,37200000,1021,6717194823
Ubaman,387000,1002,118098606
Coreano Vlogs,4760000,641,617470293
Auron,11900000,431,1699078164
TheGrefg,17100000,3133,5601459196
Luisito Comunica,37200000,1021,6717194823
Ubaman,387000,1002,118098606
Coreano Vlogs,4760000,641,617470293
Auron,11900000,431,1699078164
TheGrefg,17100000,3133,5601459196
Luisito Comunica,37200000,1021,6717194823
Ubaman,387000,1002,118098606
Coreano Vlogs,4760000,641,617470293
Auron,11900000,431,1699078164
TheGrefg,17100000,3133,5601459196
Luisito Comunica,37200000,1021,6717194823
Ubaman,387000,1002,118098606
Coreano Vlogs,4760000,641,617470293
Auron,11900000,431,1699078164
TheGrefg,17100000,3133,5601459196
Luisito Comunica,37200000,1021,6717194823
Ubaman,387000,1002,118098606
Coreano Vlogs,4760000,641,617470293
Auron,11900000,431,1699078164
TheGrefg,17100000,3133,5601459196
Luisito Comunica,37200000,1022,6717194823
Ubaman,387000,1002,118098606
Coreano Vlogs,4760000,641,617470293
Auron,11900000,432,1699078164
TheGrefg,17100000,3133,5601459196
Luisito Comunica,37200000,1022,6717194823
Ubaman,387000,1002,118098606
Coreano Vlogs,4760000,641,617470293
Auron,11900000,432,1699078164
TheGrefg,17100000,3133,5601459196
Luisito Comunica,37200000,1022,6717194823
Ubaman,387000,1002,118098606
Coreano Vlogs,4760000,641,617470293
Auron,11900000,432,1699078164
TheGrefg,17100000,3133,5601459196
Luisito Comunica,37200000,1022,6717194823
Ubaman,387000,1002,118098606
Coreano Vlogs,4760000,641,617470293
Auron,11900000,432,1699078164
TheGrefg,17100000,3133,5601459196
Luisito Comunica,37200000,1022,6717194823
Ubaman,387000,1002,118098606
Coreano Vlogs,4760000,641,617470293
Auron,11900000,432,1699078164
TheGrefg,17100000,3133,5601459196
Luisito Comunica,37200000,1022,6717194823
Ubaman,387000,1002,118098606
Coreano Vlogs,4760000,641,617470293
TheGrefg,17100000,3134,5602941996
Luisito Comunica,37200000,1022,6720601397
Ubaman,387000,1003,118201863
Coreano Vlogs,4760000,642,617804763
Auron,11900000,434,1705560499
TheGrefg,17100000,3134,5602941996
Luisito Comunica,37200000,1022,6720601397
Ubaman,387000,1003,118201863
Coreano Vlogs,4760000,642,617804763
Auron,11900000,434,1705560499
TheGrefg,17100000,3134,5602941996
Luisito Comunica,37200000,1022,6720601397
Ubaman,387000,1003,118201863
Coreano Vlogs,4760000,642,618299362
Auron,11900000,434,1705560499
TheGrefg,17100000,3134,5602941996
Luisito Comunica,37200000,1022,6720601397
Ubaman,387000,1003,118303772
Coreano Vlogs,4760000,642,618299362
Auron,11900000,434,1705560499
TheGrefg,17100000,3134,5602941996
Luisito Comunica,37200000,1022,6725470259
Ubaman,387000,1003,118303772
Coreano Vlogs,4760000,642,618299362
Auron,11900000,434,1705560499
TheGrefg,17100000,3134,5602941996
Luisito Comunica,37200000,1022,6725470259
Ubaman,387000,1003,118303772
Coreano Vlogs,4760000,642,618299362
Auron,11900000,434,1705560499
TheGrefg,17100000,3134,5605098379
Luisito Comunica,37200000,1022,6725470259
Ubaman,387000,1003,118303772
Coreano Vlogs,4760000,642,618299362
Auron,11900000,434,1705560499
TheGrefg,17100000,3134,5605098379
Luisito Comunica,37200000,1022,6725470259
Ubaman,387000,1003,118303772
Coreano Vlogs,4760000,642,618299362
Auron,11900000,434,1705560499
TheGrefg,17100000,3134,5605098379
Luisito Comunica,37200000,1022,6725470259
Ubaman,387000,1003,118303772
Coreano Vlogs,4760000,642,618299362
Auron,11900000,434,1705560499
TheGrefg,17100000,3134,5605098379
Luisito Comunica,37200000,1022,6725470259
Ubaman,387000,1003,118303772
Coreano Vlogs,4760000,642,618299362
Auron,11900000,434,1705560499
TheGrefg,17100000,3134,5605098379
Luisito Comunica,37200000,1022,6725470259
Ubaman,387000,1003,118303772
Coreano Vlogs,4760000,642,618299362
Auron,11900000,434,1705560499
TheGrefg,17100000,3134,5605098379
Luisito Comunica,37200000,1022,6725470259
Ubaman,387000,1003,118303772
Coreano Vlogs,4760000,642,618299362
Auron,11900000,434,1705560499
TheGrefg,17100000,3134,5605098379
Luisito Comunica,37200000,1022,6725470259
Ubaman,387000,1003,118303772
Coreano Vlogs,4760000,642,618299362
Auron,11900000,434,1705560499
TheGrefg,17100000,3134,5605098379
Luisito Comunica,37200000,1022,6725470259
Ubaman,387000,1003,118303772
Coreano Vlogs,4760000,642,618299362
Auron,11900000,434,1705560499
TheGrefg,17100000,3134,5605098379
Luisito Comunica,37200000,1022,6725470259
Ubaman,387000,1003,118303772
Coreano Vlogs,4760000,642,618299362
Auron,11900000,434,1705560499
TheGrefg,17100000,3134,5605098379
Luisito Comunica,37200000,1022,6725470259
Ubaman,387000,1003,118303772
Coreano Vlogs,4760000,642,618299362
Auron,11900000,434,1705560499
TheGrefg,17100000,3134,5605098379
Luisito Comunica,37200000,1022,6725470259
Ubaman,387000,1004,118303772
Coreano Vlogs,4760000,642,618299362
Auron,11900000,434,1705560499
TheGrefg,17100000,3134,5605098379
Luisito Comunica,37200000,1022,6725470259
Ubaman,387000,1004,118303772
Coreano Vlogs,4760000,642,618299362
Auron,11900000,434,1705560499
TheGrefg,17100000,3134,5605098379
Luisito Comunica,37200000,1022,6725470259
Ubaman,387000,1004,118303772
Coreano Vlogs,4760000,642,618299362
Auron,11900000,434,1705560499
TheGrefg,17100000,3134,5605098379
Luisito Comunica,37200000,1022,6725470259
Ubaman,387000,1004,118303772
TheGrefg,17100000,3134,5605098379
Luisito Comunica,37200000,1022,6725470259
Ubaman,387000,1004,118303772
Coreano Vlogs,4760000,642,618299362
Auron,11900000,434,1705560499
TheGrefg,17100000,3134,5605098379
Luisito Comunica,37200000,1022,6725470259
Ubaman,387000,1004,118303772
Coreano Vlogs,4760000,642,618299362
Auron,11900000,434,1705560499
TheGrefg,17100000,3134,5605098379
Luisito Comunica,37200000,1022,6725470259
Ubaman,387000,1004,118303772
Coreano Vlogs,4760000,642,618299362
Auron,11900000,434,1705560499
TheGrefg,17100000,3134,5605098379
Luisito Comunica,37200000,1022,6725470259
Ubaman,387000,1004,118303772
Coreano Vlogs,4760000,642,618299362
Auron,11900000,434,1705560499
TheGrefg,17100000,3134,5605098379
Luisito Comunica,37200000,1022,6725470259
Ubaman,387000,1004,118303772
Coreano Vlogs,4760000,642,618299362
Auron,11900000,434,1705560499
TheGrefg,17100000,3135,5605098379
Luisito Comunica,37200000,1022,6725470259
Ubaman,387000,1004,118303772
Coreano Vlogs,4760000,642,618823406
Auron,11900000,435,1705560499
TheGrefg,17100000,3135,5606859015
Luisito Comunica,37200000,1022,6729172772
Ubaman,387000,1004,118416648
Coreano Vlogs,4760000,642,618823406
Auron,11900000,435,1708655757
TheGrefg,17100000,3135,5606859015
Luisito Comunica,37200000,1022,6729172772
Ubaman,387000,1004,118416648
Coreano Vlogs,4760000,642,618823406
Auron,11900000,435,1708655757
TheGrefg,17100000,3135,5606859015
Luisito Comunica,37200000,1022,6729172772
Ubaman,387000,1004,118416648
Coreano Vlogs,4760000,642,618823406
Auron,11900000,435,1708655757
TheGrefg,17100000,3135,5606859015
Luisito Comunica,37200000,1022,6729172772
Ubaman,387000,1004,118416648
Coreano Vlogs,4760000,642,618823406
Auron,11900000,435,1708655757
TheGrefg,17100000,3135,5606859015
Luisito Comunica,37200000,1022,6729172772
Ubaman,387000,1004,118416648
Coreano Vlogs,4760000,642,618823406
Auron,11900000,435,1708655757
TheGrefg,17100000,3135,5606859015
Luisito Comunica,37200000,1022,6729172772
Ubaman,387000,1004,118416648
Coreano Vlogs,4760000,642,618823406
Auron,11900000,435,1708655757
TheGrefg,17100000,3135,5606859015
Luisito Comunica,37200000,1022,6729172772
Ubaman,387000,1004,118416648
Coreano Vlogs,4760000,642,618823406
Auron,11900000,435,1708655757
TheGrefg,17100000,3135,5606859015
Luisito Comunica,37200000,1022,6729172772
Ubaman,387000,1004,118416648
Coreano Vlogs,4760000,642,618823406
Auron,11900000,435,1708655757
TheGrefg,17100000,3135,5606859015
Luisito Comunica,37200000,1022,6729172772
Ubaman,387000,1004,118416648
Coreano Vlogs,4760000,642,618823406
Auron,11900000,435,1708655757
TheGrefg,17100000,3135,5606859015
Luisito Comunica,37200000,1022,6729172772
Ubaman,387000,1004,118416648
Coreano Vlogs,4760000,642,618823406
Auron,11900000,435,1708655757
TheGrefg,17100000,3135,5606859015
Luisito Comunica,37200000,1022,6729172772
Ubaman,387000,1005,118416648
Coreano Vlogs,4760000,642,618823406
Auron,11900000,435,1708655757
TheGrefg,17100000,3135,5606859015
Luisito Comunica,37200000,1022,6729172772
Ubaman,387000,1005,118416648
Coreano Vlogs,4760000,642,618823406
Auron,11900000,435,1708655757
TheGrefg,17100000,3135,5606859015
Luisito Comunica,37200000,1022,6729172772
Ubaman,387000,1005,118416648
Coreano Vlogs,4760000,642,618823406
Auron,11900000,435,1708655757
TheGrefg,17100000,3135,5606859015
TheGrefg,17100000,3135,5606859015
TheGrefg,17100000,3135,5606859015
TheGrefg,17100000,3135,5606859015
Luisito Comunica,37200000,1022,6729172772
Ubaman,387000,1005,118416648
Coreano Vlogs,4760000,643,618823406
Auron,11900000,435,1708655757
TheGrefg,17100000,3135,5606859015
Luisito Comunica,37200000,1022,6729172772
Ubaman,387000,1005,118416648
Coreano Vlogs,4760000,643,618823406
Auron,11900000,435,1708655757
TheGrefg,17100000,3135,5606859015
Luisito Comunica,37200000,1022,6729172772
Ubaman,387000,1005,118416648
Coreano Vlogs,4760000,643,618823406
Auron,11900000,435,1708655757
TheGrefg,17100000,3135,5606859015
Luisito Comunica,37200000,1022,6729172772
Ubaman,387000,1005,118416648
Coreano Vlogs,4760000,643,618823406
Auron,11900000,435,1708655757
TheGrefg,17100000,3135,5606859015
Luisito Comunica,37200000,1022,6729172772
Ubaman,387000,1005,118416648
Coreano Vlogs,4760000,643,618823406
Auron,11900000,435,1708655757
TheGrefg,17100000,3135,5606859015
Luisito Comunica,37200000,1022,6729172772
Ubaman,387000,1005,118416648
Coreano Vlogs,4760000,643,618823406
Auron,11900000,435,1708655757
TheGrefg,17100000,3135,5606859015
Luisito Comunica,37200000,1022,6729172772
Ubaman,387000,1005,118416648
Coreano Vlogs,4760000,643,618823406
Auron,11900000,435,1708655757
TheGrefg,17100000,3135,5606859015
Luisito Comunica,37200000,1022,6729172772
Ubaman,387000,1005,118416648
Coreano Vlogs,4760000,643,618823406
Auron,11900000,435,1708655757
TheGrefg,17100000,3135,5606859015
Luisito Comunica,37200000,1022,6729172772
Ubaman,387000,1005,118416648
Coreano Vlogs,4760000,643,618823406
Auron,11900000,435,1708655757
TheGrefg,17100000,3135,5606859015
Luisito Comunica,37200000,1022,6729172772
Ubaman,387000,1005,118416648
Coreano Vlogs,4760000,643,618823406
Auron,11900000,435,1708655757
TheGrefg,17100000,3135,5606859015
Luisito Comunica,37200000,1022,6729172772
Ubaman,387000,1005,118416648
Coreano Vlogs,4760000,643,618823406
Auron,11900000,435,1708655757
TheGrefg,17100000,3135,5606859015
Luisito Comunica,37200000,1022,6729172772
Ubaman,387000,1005,118416648
Coreano Vlogs,4760000,643,618823406
Auron,11900000,435,1708655757
TheGrefg,17100000,3135,5606859015
Luisito Comunica,37200000,1022,6729172772
Ubaman,387000,1005,118416648
Coreano Vlogs,4760000,643,618823406
Auron,11900000,435,1708655757
TheGrefg,17100000,3135,5606859015
Luisito Comunica,37200000,1022,6729172772
Ubaman,387000,1005,118416648
Coreano Vlogs,4760000,643,618823406
Auron,11900000,435,1708655757
TheGrefg,17100000,3135,5606859015
Luisito Comunica,37200000,1022,6729172772
Ubaman,387000,1005,118416648
Coreano Vlogs,4760000,643,618823406
Auron,11900000,435,1708655757
TheGrefg,17100000,3135,5606859015
Luisito Comunica,37200000,1022,6729172772
Ubaman,387000,1005,118416648
Coreano Vlogs,4760000,643,618823406
Auron,11900000,435,1708655757
TheGrefg,17100000,3135,5606859015
Luisito Comunica,37200000,1023,6729172772
Ubaman,387000,1005,118416648
Coreano Vlogs,4760000,643,618823406
Auron,11900000,435,1708655757
TheGrefg,17100000,3135,5606859015
Luisito Comunica,37200000,1023,6729172772
Ubaman,387000,1005,118416648
Coreano Vlogs,4760000,643,618823406
Auron,11900000,436,1708655757
TheGrefg,17100000,3135,5606859015
Luisito Comunica,37200000,1023,6729172772
Ubaman,387000,1005,118416648
TheGrefg,17100000,3135,5609018984
TheGrefg,17100000,3136,5610366936
Luisito Comunica,37200000,1023,6735951173
Ubaman,387000,1006,118643839
Coreano Vlogs,4770000,643,619841339
Auron,12000000,437,1714566791
TheGrefg,17100000,3136,5610366936
Luisito Comunica,37200000,1023,6735951173
Ubaman,387000,1006,118643839
Coreano Vlogs,4770000,643,619841339
Auron,12000000,437,1714566791
TheGrefg,17100000,3136,5610366936
Luisito Comunica,37200000,1023,6735951173
Ubaman,387000,1006,118643839
Coreano Vlogs,4770000,643,619841339
Auron,12000000,437,1714566791
TheGrefg,17100000,3136,5610366936
Luisito Comunica,37200000,1023,6735951173
Ubaman,387000,1006,118643839
Coreano Vlogs,4770000,643,619841339
Auron,12000000,437,1714566791
TheGrefg,17100000,3136,5610366936
Luisito Comunica,37200000,1023,6735951173
Ubaman,387000,1006,118643839
Coreano Vlogs,4770000,643,619841339
Auron,12000000,437,1714566791
TheGrefg,17100000,3136,5610366936
Luisito Comunica,37200000,1023,6735951173
Ubaman,387000,1007,118643839
Coreano Vlogs,4770000,643,619841339
Auron,12000000,437,1714566791
TheGrefg,17100000,3136,5610366936
Luisito Comunica,37200000,1023,6735951173
Ubaman,387000,1007,118643839
Coreano Vlogs,4770000,643,619841339
Auron,12000000,437,1714566791
TheGrefg,17100000,3136,5610366936
Luisito Comunica,37200000,1023,6735951173
Ubaman,387000,1007,118643839
Coreano Vlogs,4770000,643,619841339
Auron,12000000,437,1714566791
TheGrefg,17100000,3136,5610366936
Luisito Comunica,37200000,1023,6735951173
Ubaman,387000,1007,118643839
Coreano Vlogs,4770000,643,619841339
Auron,12000000,437,1714566791
TheGrefg,17100000,3136,5610366936
Luisito Comunica,37200000,1023,6735951173
Ubaman,387000,1007,118643839
Coreano Vlogs,4770000,643,619841339
Auron,12000000,437,1714566791
TheGrefg,17100000,3136,5610366936
Luisito Comunica,37200000,1023,6735951173
Ubaman,387000,1007,118643839
Coreano Vlogs,4770000,643,619841339
Auron,12000000,437,1714566791
TheGrefg,17100000,3136,5610366936
Luisito Comunica,37200000,1023,6735951173
Ubaman,387000,1007,118643839
Coreano Vlogs,4770000,643,619841339
Auron,12000000,437,1714566791
TheGrefg,17100000,3136,5610366936
Luisito Comunica,37200000,1023,6735951173
Ubaman,387000,1007,118643839
Coreano Vlogs,4770000,643,619841339
Auron,12000000,437,1714566791
TheGrefg,17100000,3136,5610366936
Luisito Comunica,37200000,1023,6735951173
Ubaman,387000,1007,118643839
Coreano Vlogs,4770000,643,619841339
Auron,12000000,437,1714566791
TheGrefg,17100000,3136,5610366936
Luisito Comunica,37200000,1023,6735951173
Ubaman,387000,1007,118643839
Coreano Vlogs,4770000,643,619841339
Auron,12000000,437,1714566791
TheGrefg,17100000,3136,5610366936
Luisito Comunica,37200000,1023,6735951173
Ubaman,387000,1007,118643839
Coreano Vlogs,4770000,643,619841339
Auron,12000000,437,1714566791
TheGrefg,17100000,3136,5610366936
Luisito Comunica,37200000,1023,6735951173
Ubaman,387000,1007,118643839
Coreano Vlogs,4770000,643,619841339
Auron,12000000,437,1714566791
TheGrefg,17100000,3136,5610366936
Luisito Comunica,37200000,1023,6735951173
Ubaman,387000,1007,118643839
Coreano Vlogs,4770000,643,619841339
Auron,12000000,437,1714566791
TheGrefg,17100000,3136,5610366936
Luisito Comunica,37200000,1023,6735951173
Ubaman,387000,1007,118643839
Coreano Vlogs,4770000,643,619841339
Auron,12000000,437,1714566791
TheGrefg,17100000,3136,5610366936
Luisito Comunica,37200000,1023,6735951173
Ubaman,387000,1007,118643839
Coreano Vlogs,4770000,643,619841339
Auron,12000000,437,1714566791
TheGrefg,17100000,3136,5610366936
Luisito Comunica,37200000,1023,6735951173
Ubaman,387000,1007,118643839
Coreano Vlogs,4770000,643,619841339
Auron,12000000,437,1714566791
TheGrefg,17100000,3136,5610366936
Luisito Comunica,37200000,1023,6735951173
Ubaman,387000,1007,118643839
Coreano Vlogs,4770000,644,619841339
Auron,12000000,437,1714566791
TheGrefg,17100000,3136,5610366936
Luisito Comunica,37200000,1023,6735951173
Ubaman,387000,1007,118643839
Coreano Vlogs,4770000,644,619841339
Auron,12000000,437,1714566791
TheGrefg,17100000,3136,5610366936
Luisito Comunica,37200000,1023,6735951173
Ubaman,387000,1007,118643839
Coreano Vlogs,4770000,644,619841339
Auron,12000000,437,1714566791
TheGrefg,17100000,3136,5610366936
Luisito Comunica,37200000,1023,6735951173
Ubaman,387000,1007,118643839
Coreano Vlogs,4770000,644,619841339
Auron,12000000,437,1714566791
TheGrefg,17100000,3136,5610366936
Luisito Comunica,37200000,1023,6735951173
Ubaman,387000,1007,118643839
Coreano Vlogs,4770000,644,619841339
Auron,12000000,437,1714566791
TheGrefg,17100000,3136,5610366936
Luisito Comunica,37200000,1023,6735951173
Ubaman,387000,1007,118643839
Coreano Vlogs,4770000,644,619841339
Auron,12000000,437,1714566791
TheGrefg,17100000,3136,5610366936
Luisito Comunica,37200000,1023,6735951173
Ubaman,387000,1007,118643839
Coreano Vlogs,4770000,644,619841339
Auron,12000000,437,1714566791
TheGrefg,17100000,3136,5610366936
Luisito Comunica,37200000,1023,6735951173
Ubaman,387000,1007,118643839
Coreano Vlogs,4770000,644,619841339
Auron,12000000,437,1714566791
TheGrefg,17100000,3136,5610366936
Luisito Comunica,37200000,1023,6735951173
Ubaman,387000,1007,118643839
Coreano Vlogs,4770000,644,619841339
Auron,12000000,437,1714566791
TheGrefg,17100000,3136,5610366936
Luisito Comunica,37200000,1023,6735951173
Ubaman,387000,1007,118643839
Coreano Vlogs,4770000,644,619841339
Auron,12000000,437,1714566791
TheGrefg,17100000,3136,5610366936
Luisito Comunica,37200000,1023,6735951173
Ubaman,387000,1007,118643839
Coreano Vlogs,4770000,644,619841339
Auron,12000000,437,1714566791
TheGrefg,17100000,3136,5610366936
Luisito Comunica,37200000,1023,6735951173
Ubaman,387000,1007,118643839
Coreano Vlogs,4770000,644,619841339
Auron,12000000,437,1714566791
TheGrefg,17100000,3136,5610366936
Luisito Comunica,37200000,1023,6735951173
Ubaman,387000,1007,118643839
Coreano Vlogs,4770000,644,619841339
Auron,12000000,437,1714566791
TheGrefg,17100000,3136,5610366936
Luisito Comunica,37200000,1023,6735951173
Ubaman,387000,1007,118643839
Coreano Vlogs,4770000,644,619841339
Auron,12000000,437,1714566791
TheGrefg,17100000,3136,5610366936
Luisito Comunica,37200000,1023,6735951173
Ubaman,387000,1007,118643839
Coreano Vlogs,4770000,644,619841339
Auron,12000000,437,1714566791
TheGrefg,17100000,3136,5610366936
Luisito Comunica,37200000,1023,6735951173
Ubaman,387000,1007,118643839
Coreano Vlogs,4770000,644,619841339
Auron,12000000,437,1714566791
TheGrefg,17100000,3136,5610366936
Luisito Comunica,37200000,1023,6735951173
Ubaman,387000,1007,118643839
Coreano Vlogs,4770000,644,619841339
TheGrefg,17100000,3136,5610366936